{
    "preset_key": "test3",
    "bounds": [
        {
            "m_Center": {
                "x": 0.0,
                "y": 1.0,
                "z": -1.0
            },
            "m_Extent": {
                "x": 2.0,
                "y": 1.0,
                "z": 1.0
            }
        }
    ],
    "doors": [
        {
            "position": {
                "x": 2.0,
                "y": 0.0,
                "z": -1.25
            },
            "direction": {
                "x": 1.0000001192092896,
                "y": 0.0,
                "z": -1.1920928955078126e-7
            }
        },
        {
            "position": {
                "x": -2.0,
                "y": 0.0,
                "z": -1.0
            },
            "direction": {
                "x": -1.0000001192092896,
                "y": 0.0,
                "z": -1.1920928955078126e-7
            }
        }
    ],
    "spawner": [
        {
            "itemType": 1,
            "spawnChance": 1,
            "spawnCount": 1,
            "positionOffset": {
                "x": 0.734000027179718,
                "y": 1.0,
                "z": -1.1740000247955323
            },
            "rotationOffset": {
                "x": 0.0,
                "y": 0.0,
                "z": 0.0
            },
            "scaleOffset": {
                "x": 0.25,
                "y": 0.25,
                "z": 0.25
            }
        }
    ]
}