{
    "preset_key": "test2",
    "bounds": [
        {
            "m_Center": {
                "x": 0.0,
                "y": 1.059999942779541,
                "z": -1.0999999046325684
            },
            "m_Extent": {
                "x": 2.0,
                "y": 1.0,
                "z": 1.0
            }
        },
        {
            "m_Center": {
                "x": 1.0,
                "y": 1.059999942779541,
                "z": 0.9000000953674316
            },
            "m_Extent": {
                "x": 1.0,
                "y": 1.0,
                "z": 1.0
            }
        },
        {
            "m_Center": {
                "x": 1.0,
                "y": 3.059999942779541,
                "z": 0.9000000953674316
            },
            "m_Extent": {
                "x": 1.0,
                "y": 1.0,
                "z": 1.0
            }
        }
    ],
    "doors": [
        {
            "doorId": 0,
            "position": {
                "x": 1.0,
                "y": 1.809999942779541,
                "z": 1.9000000953674317
            },
            "direction": {
                "x": 0.0,
                "y": 0.0,
                "z": 1.0
            }
        },
        {
            "doorId": 0,
            "position": {
                "x": -2.0,
                "y": 0.059999942779541019,
                "z": -1.0999999046325684
            },
            "direction": {
                "x": -1.0000001192092896,
                "y": 0.0,
                "z": -1.1920928955078126e-7
            }
        }
    ],
    "spawner": [
        {
            "spawnerId": 0,
            "itemType": 1,
            "spawnChance": 1,
            "spawnCount": 1,
            "positionOffset": {
                "x": 0.734000027179718,
                "y": 1.059999942779541,
                "z": -1.2739999294281006
            },
            "rotationOffset": {
                "x": 0.0,
                "y": 0.0,
                "z": 0.0
            },
            "scaleOffset": {
                "x": 0.25,
                "y": 0.25,
                "z": 0.25
            }
        }
    ]
}